Mileage,Price,Stock type,Year,Make,Model
35990 ,31998 ,Used,2022,Toyota,Tacoma
50398 ,35998 ,Used,2022,Toyota,4Runner
35682 ,42990 ,Used,2023,Toyota,4Runner
131480 ,20950 ,Used,2015,Toyota,4Runner
77133 ,38990 ,Used,2021,Toyota,4Runner
37711 ,51619 ,Used,2023,Toyota,4Runner
67033 ,32998 ,Used,2018,Toyota,4Runner
50310 ,28991 ,Used,2017,Toyota,Tacoma
69938 ,28990 ,Used,2017,Toyota,Tacoma
5 ,40090 ,Used,2025,Toyota,Tacoma
5 ,39890 ,Used,2025,Toyota,Tacoma
35990 ,31998 ,Used,2022,Toyota,Tacoma
37786 ,34887 ,Used,2021,Toyota,4Runner
68729 ,28999 ,Used,2017,Toyota,Tacoma
97210 ,35900 ,Used,2021,Toyota,4Runner
13500 ,36488 ,Used,2023,Toyota,Tacoma
55405 ,35490 ,Used,2021,Toyota,Tacoma
50398 ,35998 ,Used,2022,Toyota,4Runner
71735 ,30987 ,Used,2018,Toyota,4Runner
35682 ,42990 ,Used,2023,Toyota,4Runner
96960 ,23615 ,Used,2015,Toyota,Tacoma
18245 ,39900 ,Used,2023,Toyota,Tacoma
17240 ,45998 ,Used,2022,Toyota,4Runner
138650 ,16950 ,Used,2012,Toyota,4Runner
27252 ,50998 ,Used,2022,Toyota,4Runner
100889 ,21998 ,Used,2017,Toyota,Tacoma
47614 ,32000 ,Used,2022,Toyota,Tacoma
28579 ,29599 ,Used,2022,Toyota,Tacoma
85105 ,29894 ,Used,2018,Toyota,4Runner
27502 ,37988 ,Used,2021,Toyota,Tacoma
127588 ,21495 ,Used,2014,Toyota,4Runner
69084 ,32658 ,Used,2019,Toyota,4Runner
36926 ,32688 ,Used,2020,Toyota,Tacoma
12758 ,38998 ,Used,2024,Toyota,Tacoma
57521 ,22998 ,Used,2022,Toyota,Tacoma
57975 ,30000 ,Used,2017,Toyota,Tacoma
168584 ,18975 ,Used,2015,Toyota,4Runner
12758 ,38998 ,Used,2024,Toyota,Tacoma
27502 ,37988 ,Used,2021,Toyota,Tacoma
77861 ,25854 ,Used,2016,Toyota,Tacoma
30299 ,34267 ,Used,2022,Toyota,Tacoma
47232 ,34999 ,Used,2023,Toyota,Tacoma
113813 ,20999 ,Used,2019,Toyota,Tacoma
17240 ,45998 ,Used,2022,Toyota,4Runner
36926 ,32688 ,Used,2020,Toyota,Tacoma
138650 ,16950 ,Used,2012,Toyota,4Runner
35198 ,26999 ,Used,2019,Toyota,Tacoma
100889 ,21998 ,Used,2017,Toyota,Tacoma
104560 ,28500 ,Used,2019,Toyota,Tacoma
79244 ,28923 ,Used,2018,Toyota,Tacoma
49842 ,33585 ,Used,2022,Toyota,Tacoma
37346 ,35997 ,Used,2022,Toyota,Tacoma
43789 ,33499 ,Used,2023,Toyota,Tacoma
26166 ,41990 ,Used,2022,Toyota,4Runner
84964 ,25978 ,Used,2018,Toyota,Tacoma
99339 ,26990 ,Used,2016,Toyota,Tacoma
45608 ,34399 ,Used,2022,Toyota,Tacoma
76580 ,33499 ,Used,2021,Toyota,Tacoma
39197 ,41998 ,Used,2022,Toyota,4Runner
48413 ,36677 ,Used,2021,Toyota,Tacoma
53619 ,34639 ,Used,2022,Toyota,Tacoma
31799 ,32977 ,Used,2022,Toyota,Tacoma
5 ,40490 ,Used,2025,Toyota,Tacoma
5 ,39890 ,Used,2025,Toyota,Tacoma
89969 ,28490 ,Used,2016,Toyota,Tacoma
101586 ,27990 ,Used,2018,Toyota,Tacoma
4144 ,40998 ,Used,2023,Toyota,Tacoma
29654 ,30998 ,Used,2022,Toyota,Tacoma
25264 ,38998 ,Used,2022,Toyota,Tacoma
17662 ,43099 ,Used,2024,Toyota,4Runner
65330 ,34301 ,Used,2021,Toyota,Tacoma
57521 ,22998 ,Used,2022,Toyota,Tacoma
19543 ,25990 ,Used,2022,Toyota,Tacoma
81848 ,27339 ,Used,2016,Toyota,Tacoma
36534 ,37987 ,Used,2022,Toyota,Tacoma
56519 ,29599 ,Used,2019,Toyota,Tacoma
30546 ,34500 ,Used,2022,Toyota,Tacoma
51891 ,30998 ,Used,2019,Toyota,Tacoma
45994 ,32477 ,Used,2019,Toyota,Tacoma
28629 ,35204 ,Used,2022,Toyota,Tacoma
81907 ,30459 ,Used,2018,Toyota,4Runner
89845 ,29998 ,Used,2019,Toyota,Tacoma
67678 ,28491 ,Used,2016,Toyota,4Runner
20551 ,39980 ,Used,2023,Toyota,Tacoma
4850 ,42916 ,Used,2024,Toyota,Tacoma
47260 ,36288 ,Used,2022,Toyota,Tacoma
5 ,47590 ,Used,2024,Toyota,Tacoma
85327 ,22999 ,Used,2017,Toyota,Tacoma
85936 ,23998 ,Used,2014,Toyota,Tacoma
38275 ,35699 ,Used,2022,Toyota,Tacoma
23494 ,34995 ,Used,2021,Toyota,Tacoma
71670 ,28975 ,Used,2019,Toyota,Tacoma
9935 ,41447 ,Used,2023,Toyota,Tacoma
30113 ,36995 ,Used,2023,Toyota,Tacoma
14081 ,39888 ,Used,2024,Toyota,Tacoma
57975 ,30000 ,Used,2017,Toyota,Tacoma
22990 ,21299 ,Used,2017,Toyota,Tacoma
17038 ,41998 ,Used,2024,Toyota,4Runner
6755 ,49988 ,Used,2024,Toyota,Tacoma
43524 ,33744 ,Used,2021,Toyota,Tacoma
4144 ,40998 ,Used,2023,Toyota,Tacoma
30860 ,45998 ,Used,2022,Toyota,4Runner
43197 ,45991 ,Used,2022,Toyota,4Runner
7953 ,49988 ,Used,2024,Toyota,Tacoma
32818 ,41350 ,Used,2022,Toyota,4Runner
5 ,53190 ,Used,2025,Toyota,Tacoma
24583 ,35976 ,Used,2022,Toyota,Tacoma
278000 ,8995 ,Used,2011,Toyota,Tacoma
60209 ,35998 ,Used,2018,Toyota,4Runner
67166 ,29999 ,Used,2018,Toyota,Tacoma
44915 ,36995 ,Used,2021,Toyota,Tacoma
37306 ,41777 ,Used,2022,Toyota,4Runner
72350 ,31495 ,Used,2021,Toyota,Tacoma
31411 ,47884 ,Used,2022,Toyota,4Runner
47468 ,42998 ,Used,2022,Toyota,4Runner
122707 ,21770 ,Used,2016,Toyota,4Runner
28119 ,34998 ,Used,2017,Toyota,Tacoma
23877 ,51481 ,Used,2023,Toyota,4Runner
29654 ,30998 ,Used,2022,Toyota,Tacoma
25264 ,38998 ,Used,2022,Toyota,Tacoma
50641 ,26998 ,Used,2022,Toyota,Tacoma
113593 ,28995 ,Used,2017,Toyota,4Runner
5 ,41990 ,Used,2025,Toyota,Tacoma
10282 ,38998 ,Used,2024,Toyota,Tacoma
98575 ,29998 ,Used,2018,Toyota,Tacoma
13422 ,62144 ,Used,2024,Toyota,4Runner
71469 ,30998 ,Used,2019,Toyota,Tacoma
25087 ,41287 ,Used,2022,Toyota,Tacoma
13867 ,65490 ,Used,2024,Toyota,4Runner
8495 ,41998 ,Used,2023,Toyota,Tacoma
67435 ,35998 ,Used,2021,Toyota,4Runner
44992 ,31998 ,Used,2016,Toyota,Tacoma
41386 ,36861 ,Used,2022,Toyota,Tacoma
76030 ,34998 ,Used,2021,Toyota,Tacoma
57799 ,29998 ,Used,2018,Toyota,Tacoma
103946 ,29780 ,Used,2018,Toyota,4Runner
126286 ,21998 ,Used,2014,Toyota,Tacoma
12758 ,44758 ,Used,2024,Toyota,Tacoma
86507 ,29790 ,Used,2021,Toyota,Tacoma
46001 ,29924 ,Used,2022,Toyota,Tacoma
46682 ,46997 ,Used,2019,Toyota,4Runner
65407 ,38998 ,Used,2021,Toyota,4Runner
13175 ,49990 ,Used,2023,Toyota,Tacoma
27421 ,27998 ,Used,2023,Toyota,Tacoma
31268 ,42998 ,Used,2022,Toyota,Tacoma
54963 ,42998 ,Used,2021,Toyota,4Runner
18560 ,40998 ,Used,2024,Toyota,4Runner
12515 ,32998 ,Used,2022,Toyota,Tacoma
30300 ,34998 ,Used,2023,Toyota,Tacoma
16685 ,51998 ,Used,2023,Toyota,4Runner
13843 ,43998 ,Used,2024,Toyota,Tacoma
140 ,71990 ,Used,2024,Toyota,Tacoma
46122 ,47990 ,Used,2021,Toyota,Tacoma
82295 ,35877 ,Used,2019,Toyota,4Runner
39559 ,36687 ,Used,2021,Toyota,Tacoma
31032 ,53448 ,Used,2020,Toyota,4Runner
9920 ,55988 ,Used,2023,Toyota,4Runner
115822 ,28879 ,Used,2018,Toyota,Tacoma
227988 ,11998 ,Used,2015,Toyota,Tacoma
13164 ,40998 ,Used,2024,Toyota,4Runner
7292 ,54998 ,Used,2024,Toyota,4Runner
90317 ,29998 ,Used,2016,Toyota,4Runner
66986 ,34750 ,Used,2019,Toyota,4Runner
111950 ,19999 ,Used,2013,Toyota,Tacoma
44800 ,36494 ,Used,2023,Toyota,Tacoma
25862 ,40665 ,Used,2022,Toyota,Tacoma
18491 ,39995 ,Used,2023,Toyota,Tacoma
5 ,55690 ,Used,2024,Toyota,Tacoma
66562 ,25399 ,Used,2018,Toyota,Tacoma
175311 ,19999 ,Used,2019,Toyota,Tacoma
16791 ,41998 ,Used,2024,Toyota,Tacoma
38201 ,36500 ,Used,2022,Toyota,Tacoma
42019 ,37577 ,Used,2022,Toyota,Tacoma
13779 ,37998 ,Used,2024,Toyota,Tacoma
47808 ,26795 ,Used,2019,Toyota,Tacoma
80676 ,28988 ,Used,2020,Toyota,Tacoma
173261 ,13995 ,Used,2013,Toyota,Tacoma
19890 ,40998 ,Used,2024,Toyota,4Runner
112576 ,18997 ,Used,2014,Toyota,Tacoma
43626 ,47987 ,Used,2023,Toyota,4Runner
118909 ,30484 ,Used,2016,Toyota,4Runner
56936 ,29998 ,Used,2015,Toyota,Tacoma
56392 ,40998 ,Used,2019,Toyota,4Runner
19286 ,45980 ,Used,2024,Toyota,Tacoma
154940 ,22990 ,Used,2019,Toyota,Tacoma
31717 ,39998 ,Used,2022,Toyota,Tacoma
45634 ,31997 ,Used,2022,Toyota,Tacoma
38777 ,39732 ,Used,2023,Toyota,Tacoma
135876 ,24999 ,Used,2017,Toyota,Tacoma
66986 ,34750 ,Used,2019,Toyota,4Runner
18992 ,51937 ,Used,2022,Toyota,Tacoma
65664 ,27998 ,Used,2015,Toyota,Tacoma
38777 ,39732 ,Used,2023,Toyota,Tacoma
41859 ,39995 ,Used,2020,Toyota,4Runner
138638 ,10998 ,Used,2011,Toyota,Tacoma
315 ,45975 ,Used,2024,Toyota,Tacoma
54963 ,42998 ,Used,2021,Toyota,4Runner
50081 ,33899 ,Used,2022,Toyota,Tacoma
69254 ,35998 ,Used,2020,Toyota,4Runner
115657 ,18888 ,Used,2013,Toyota,Tacoma
95949 ,29997 ,Used,2017,Toyota,4Runner
82958 ,22999 ,Used,2017,Toyota,Tacoma
17322 ,39998 ,Used,2021,Toyota,Tacoma
117352 ,27618 ,Used,2018,Toyota,Tacoma
18560 ,40998 ,Used,2024,Toyota,4Runner
27421 ,27998 ,Used,2023,Toyota,Tacoma
44320 ,38999 ,Used,2023,Toyota,Tacoma
83142 ,22998 ,Used,2013,Toyota,Tacoma
65407 ,38998 ,Used,2021,Toyota,4Runner
31933 ,44998 ,Used,2022,Toyota,Tacoma
12515 ,32998 ,Used,2022,Toyota,Tacoma
33602 ,53900 ,Used,2022,Toyota,4Runner
84313 ,29987 ,Used,2018,Toyota,Tacoma
44335 ,42995 ,Used,2022,Toyota,4Runner
73463 ,30995 ,Used,2017,Toyota,Tacoma
7292 ,54998 ,Used,2024,Toyota,4Runner
30608 ,36995 ,Used,2022,Toyota,Tacoma
38836 ,32975 ,Used,2022,Toyota,Tacoma
88645 ,27998 ,Used,2016,Toyota,4Runner
10221 ,38893 ,Used,2024,Toyota,Tacoma
77185 ,37491 ,Used,2021,Toyota,4Runner
166922 ,16950 ,Used,2015,Toyota,Tacoma
151803 ,22991 ,Used,2017,Toyota,Tacoma
n/a,n/a,Used,2018,Toyota,Tacoma
75133 ,30995 ,Used,2018,Toyota,4Runner
58944 ,36888 ,Used,2023,Toyota,Tacoma
107088 ,27495 ,Used,2018,Toyota,Tacoma
14181 ,45817 ,Used,2023,Toyota,Tacoma
52241 ,37599 ,Used,2021,Toyota,Tacoma
13164 ,40998 ,Used,2024,Toyota,4Runner
227988 ,11998 ,Used,2015,Toyota,Tacoma
34132 ,39995 ,Used,2022,Toyota,Tacoma
93405 ,34900 ,Used,2022,Toyota,Tacoma
13779 ,37998 ,Used,2024,Toyota,Tacoma
109822 ,19998 ,Used,2014,Toyota,Tacoma
58553 ,36987 ,Used,2022,Toyota,Tacoma
50992 ,37900 ,Used,2021,Toyota,Tacoma
19890 ,40998 ,Used,2024,Toyota,4Runner
86919 ,28900 ,Used,2017,Toyota,Tacoma
3974 ,37995 ,Used,2023,Toyota,Tacoma
82698 ,21998 ,Used,2017,Toyota,Tacoma
45238 ,38500 ,Used,2023,Toyota,Tacoma
4718 ,58500 ,Used,2024,Toyota,4Runner
52255 ,41988 ,Used,2022,Toyota,4Runner
62279 ,31988 ,Used,2022,Toyota,Tacoma
n/a,n/a,Used,2022,Toyota,4Runner
45632 ,36997 ,Used,2022,Toyota,Tacoma
56923 ,36998 ,Used,2020,Toyota,4Runner
42020 ,42503 ,Used,2023,Toyota,Tacoma
43794 ,39998 ,Used,2021,Toyota,4Runner
31393 ,32993 ,Used,2022,Toyota,Tacoma
87639 ,31995 ,Used,2023,Toyota,4Runner
13123 ,35998 ,Used,2022,Toyota,Tacoma
33095 ,32995 ,Used,2022,Toyota,Tacoma
n/a,n/a,Used,2022,Toyota,Tacoma
33902 ,39998 ,Used,2022,Toyota,Tacoma
51701 ,26139 ,Used,2019,Toyota,Tacoma
49444 ,31998 ,Used,2022,Toyota,Tacoma
56606 ,40998 ,Used,2022,Toyota,4Runner
80118 ,30998 ,Used,2019,Toyota,4Runner
100778 ,28998 ,Used,2016,Toyota,4Runner
51166 ,34499 ,Used,2019,Toyota,Tacoma
34409 ,37499 ,Used,2023,Toyota,Tacoma
n/a,n/a,Used,2022,Toyota,Tacoma
82839 ,27878 ,Used,2015,Toyota,4Runner
13973 ,40998 ,Used,2024,Toyota,Tacoma
n/a,n/a,Used,2022,Toyota,Tacoma
49633 ,29998 ,Used,2022,Toyota,Tacoma
1749 ,33991 ,Used,2024,Toyota,Tacoma
22979 ,34998 ,Used,2023,Toyota,Tacoma
45808 ,30998 ,Used,2023,Toyota,Tacoma
84954 ,35495 ,Used,2022,Toyota,4Runner
99782 ,21998 ,Used,2015,Toyota,Tacoma
60718 ,35998 ,Used,2019,Toyota,4Runner
67052 ,34998 ,Used,2018,Toyota,4Runner
79230 ,23998 ,Used,2022,Toyota,Tacoma
18619 ,28998 ,Used,2022,Toyota,Tacoma
66952 ,36998 ,Used,2019,Toyota,Tacoma
20587 ,30995 ,Used,2024,Toyota,Tacoma
41413 ,43998 ,Used,2021,Toyota,4Runner
36038 ,30998 ,Used,2022,Toyota,Tacoma
19905 ,44995 ,Used,2024,Toyota,4Runner
54761 ,36998 ,Used,2022,Toyota,4Runner
80447 ,27998 ,Used,2015,Toyota,Tacoma
178323 ,24990 ,Used,2018,Toyota,Tacoma
35210 ,33998 ,Used,2022,Toyota,Tacoma
35985 ,43998 ,Used,2023,Toyota,4Runner
103893 ,25999 ,Used,2017,Toyota,Tacoma
38658 ,45998 ,Used,2022,Toyota,4Runner
107637 ,26998 ,Used,2016,Toyota,4Runner
79421 ,23998 ,Used,2013,Toyota,4Runner
30720 ,39976 ,Used,2022,Toyota,Tacoma
34092 ,31998 ,Used,2022,Toyota,Tacoma
78190 ,33998 ,Used,2018,Toyota,Tacoma
55875 ,28998 ,Used,2018,Toyota,Tacoma
14847 ,40998 ,Used,2023,Toyota,Tacoma
58106 ,24998 ,Used,2021,Toyota,Tacoma
25074 ,37998 ,Used,2022,Toyota,4Runner
10247 ,30991 ,Used,2022,Toyota,Tacoma
30882 ,41998 ,Used,2023,Toyota,4Runner
37863 ,29998 ,Used,2023,Toyota,Tacoma
8024 ,43998 ,Used,2022,Toyota,Tacoma
47442 ,38450 ,Used,2019,Toyota,4Runner
56221 ,29998 ,Used,2022,Toyota,Tacoma
10631 ,41595 ,Used,2022,Toyota,Tacoma
48608 ,31954 ,Used,2021,Toyota,Tacoma
64886 ,29993 ,Used,2019,Toyota,Tacoma
28166 ,40998 ,Used,2023,Toyota,4Runner
48731 ,30998 ,Used,2022,Toyota,Tacoma
